cod_agencia;cod_ugl;desc_agencia;direccion_agencia;x;y;es_ugl
10.000;1;UGL I - TUCUMAN;CORDOBA 987;-65,2109270000;-26,8255457755;1
10.001;1;AGENCIA CONCEPCION;9 DE JULIO 161 ;-65,5980772653;-27,3518761837;0
10.002;1;AGENCIA BANDA RIO SALI;SAN MARTIN 514 ;-65,1672200000;-26,8437600000;0
10.003;1;AGENCIA FAMAILLA;RIVADAVIA 289 ;-65,4021300000;-27,0552300000;0
10.004;1;AGENCIA MONTEROS;BELGRANO 244 ;-65,4964600000;-27,1628800000;0
10.005;1;AGENCIA AGUILARES;ALBERDI ESQ. PELLEGRINI 494 ;-65,6155300000;-27,4296800000;0
10.006;1;AGENCIA YERBA BUENA;AV. ACONQUIJA 1315 ;-65,2991800000;-26,8119900000;0
10.050;1;AGENCIA TAFI DEL VALLE;LOS PALENQUES SIN NRO. . ;-65,7001200000;-26,8458200000;0
10.052;1;AGENCIA JUAN B ALBERDI;LIDORO QUINTEROS 423 ;-65,6198100000;-27,5839900000;0
10.053;1;AGENCIA SIMOCA;AV.BELGRANO 554 ;-65,3548800000;-27,2623400000;0
10.054;1;AGENCIA TAFI VIEJO;AVD. LEANDRO ALEM 743 ;-65,2582048571;-26,7337507143;0
10.055;1;AGENCIA TACO RALO;FLORIDA 466 ;-65,1942100000;-27,8333500000;0
10.056;1;AGENCIA TRANCAS;25 DE MAYO 640 ;-65,2832200000;-26,2072000000;0
10.057;1;AGENCIA RANCHILLOS;AVD. SAN MARTIN 480 ;-65,0500000000;-26,9500000000;0
10.058;1;AGENCIA SANTA ROSA DE LEALES;BELGRANO 250 ;-65,2611200000;-27,1378300000;0
10.059;1;AGENCIA BURRUYACU;AV. LEGISLADOR MARIANO RAMOS 542 ;-65,1500000000;-26,7333330000;0
10.060;1;AGENCIA LULES;ZOILO DOMINGUEZ 21 ;-65,3382300000;-26,9249400000;0
10.061;1;AGENCIA LA COCHA;SAN MARTIN NORTE-B°HIPOTECARIO S/Nº ;-65,6166670000;-27,7666670000;0
10.062;1;AGENCIA AMAICHA DEL VALLE;SAN MARTIN S/Nº ;-65,9200600000;-26,5937700000;0
10.063;1;AGENCIA BELLA VISTA;MARCONI 353 ;-65,3071000000;-27,0327700000;0
20.000;2;UGL II - CORRIENTES;JUJUY 1140 ;-58,8370283900;-27,4640768200;1
20.001;2;AGENCIA GOYA;COLON  1587 ;-59,2662870000;-29,1517680000;0
20.002;2;AGENCIA PASO DE LOS LIBRES;BARTOLOME MITRE 1069 ;-57,0871530000;-29,7137930000;0
20.003;2;AGENCIA SANTO TOME;BARTOLOME MITRE 768 ;-56,0331340000;-28,5459260000;0
20.004;2;AGENCIA MONTE CASEROS;ESPAÑA  460 ;-57,6333330000;-30,2500000000;0
20.005;2;AGENCIA MERCEDES;J. A. FERREYRA Y DR. RIVAS S/N ;-58,0812000000;-29,1802480000;0
20.006;2;AGENCIA CURUZU CUATIA;CASTILLO 1086 ;-58,0498770000;-29,7914200000;0
20.007;2;AGENCIA BELLA VISTA;SALTA 1019 ;-59,0448690000;-28,5076550000;0
20.008;2;AGENCIA GOBERNADOR VIRASORO;LAVALLE Y MOCITO ACUÑA 2311 ;-56,6434980000;-29,1762580000;0
20.009;2;AGENCIA ESQUINA;25 de MAYO 640 ;-59,5321260000;-30,0174370000;0
20.010;2;AGENCIA ITUZAINGO;BELGRANO  1628 ;-56,6833330000;-27,5833330000;0
20.050;2;AGENCIA GRAL PAZ;ITATI 410 ;-57,6219250000;-27,7520250000;0
20.051;2;AGENCIA SALADAS;ALVEAR 1107 ;-58,6230160000;-28,2548900000;0
20.052;2;AGENCIA SAN COSME;ELENA OSUNA (Parroquia) S/Nº ;-58,5166670000;-27,3666670000;0
20.053;2;AGENCIA  SAUCE;GRAL PAZ, ESQ. B.MITRE S/N ;-58,7868190000;-30,0861030000;0
20.054;2;AGENCIA LA CRUZ;UNION 1021 ;-56,6333330000;-29,1666670000;0
20.055;2;AGENCIA  ALVEAR;CENTENARIO  480 ;-56,5534790000;-29,0986830000;0
20.056;2;AGENCIA ITATI;DESIDERIO SOSA 755 ;-58,2500000000;-27,2667000000;0
20.057;2;AGENCIA MBURUCUYA;BELGRANO  834 ;-58,2166670000;-28,0500000000;0
20.058;2;AGENCIA SANTA ROSA;ESPAÑA 77 ;-58,1333330000;-28,3000000000;0
20.059;2;MOCORETA;25 DE MAYO 245 ;-57,9743030000;-30,6186350000;0
30.000;3;UGL III - CORDOBA;AV. GRAL PAZ 374 ;-64,1842024100;-31,4115718400;1
30.001;3;AGENCIA LA CALERA;GENARI  ESQ. OLCESSE 510 ;-64,3383100000;-31,3447300000;0
30.004;3;AGENCIA VILLA DOLORES;JOSE MANUEL ESTRADA 138 ;-65,1922800000;-31,9428400000;0
30.005;3;AGENCIA DEAN FUNES;RAMON IRIBARNE 33 ;-64,3526800000;-30,4216600000;0
30.012;3;AGENCIA VILLA DE MARIA DE RIO;RIVADAVIA ESQ. URUGUAY . ;-63,7207500000;-29,9009300000;0
30.014;3;AGENCIA SANTA ROSA DEL RIO PRIMERO;CORRIENTES 346 ;-63,3983800000;-31,1473000000;0
30.015;3;AGENCIA VILLA DEL ROSARIO;CATAMARCA 635 ;-63,5339000000;-31,5572200000;0
30.022;3;AGENCIA JESUS MARIA;DR. ANIBAL VIALE 826 ;-64,0958500000;-30,9759500000;0
30.024;3;AGENCIA VILLA CARLOS PAZ;SARGENTO CABRAL Y SAN LORENZO 36 ;-64,4975800000;-31,4232500000;0
30.030;3;AGENCIA RIO CEBALLOS;LESTACHE ESQ. SERRANO S/Nº ;-64,3220400000;-31,1656600000;0
30.031;3;AGENCIA UNQUILLO;AVDA. SAN MARTIN Y RIO NEGRO 451 ;-64,3089800000;-31,2407000000;0
30.050;3;AGENCIA ALTA GRACIA;INTENDENTE MARTINES 141 ;-64,4306200000;-31,6539300000;0
30.060;3;AGENCIA MINA CLAVERO;25 DE MAYO 146 ;-65,0195900000;-31,7039300000;0
30.061;3;AGENCIA SAN JOSE DE LA DORMIDA;AV. SAN MARTIN 168 ;-63,9457200000;-30,3558400000;0
30.062;3;AGENCIA RIO SEGUNDO;LEANDRO N. ALEM 1951 ;-63,9125000000;-31,6513300000;0
30.090;3;BOCA DE ATENCION HOSPITAL DE CLINICAS;SANTA ROSA 1564 ;0,0000000000;0,0000000000;0
30.101;3;AGENCIA PANAMERICANO;ROBERTO J. PAIRO  4662 ;-64,1761900000;-31,3521000000;0
30.102;3;AGENCIA VILLA EL LIBERTADOR;LA FALDA 5434 ;-64,2121100000;-31,4776100000;0
30.103;3;AGENCIA MATIENZO;FUERZA AEREA ARGENTINA 4800 ;-64,2449000000;-31,4325600000;0
30.104;3;AGENCIA SAN VICENTE;AV. SAN JERONIMO 2933 ;-64,1464000000;-31,4232800000;0
30.200;3;AGENCIA BELL VILLE;SARMIENTO 17 ;-62,6911300000;-32,6299200000;0
30.217;3;AGENCIA MARCOS JUAREZ;HIPOLITO YRIGOYEN 942 ;-62,1042400000;-32,6938700000;0
30.218;3;AGENCIA CORRAL DE BUSTOS;SANTA FE,  PISO 3 319 ;-62,1852900000;-33,2826800000;0
30.229;3;AGENCIA LABORDE;VELEZ SARSFIED 79 ;-62,8550700000;-33,1535100000;0
30.231;3;AGENCIA CRUZ ALTA;BELGRANO 1269 ;-61,8109300000;-33,0082700000;0
30.232;3;AGENCIA JUSTINIANO POSSE;9 DE JULIO 913 ;-62,6803300000;-32,8823800000;0
30.254;3;AGENCIA NOETINGER;25 DE MAYO 350 ;-62,3108800000;-32,3622700000;0
30.300;3;AGENCIA SAN FRANCISCO;ITURRASPE,  PISO 14 2350 ;-62,0920500000;-31,4270700000;0
30.313;3;AGENCIA MORTEROS;BOULEVARD ILLIA 696 ;-62,0042300000;-30,7089700000;0
30.316;3;AGENCIA LAS VARILLAS;9 DE JULIO 72 ;-62,7199200000;-31,8696500000;0
30.327;3;AGENCIA ARROYITO;VELEZ SARFIELD 943 ;-63,0506700000;-31,4143400000;0
30.328;3;AGENCIA BALNEARIA;BV. BELGRANO 47 ;-62,6655900000;-31,0119300000;0
30.357;3;AGENCIA PORTEÑA;RIVADAVIA 692 ;-62,0620800000;-31,0132200000;0
30.358;3;AGENCIA SATURNINO M. LASPIUR;9 DE JULIO 201 ;0,0000000000;0,0000000000;0
30.400;3;AGENCIA VILLA MARIA;LISANDRO DE LA TORRE 345 ;-63,2469600000;-32,4034300000;0
30.419;3;AGENCIA LA CARLOTA;LEANDRO N. ALEM 197 ;-63,2933700000;-33,4186200000;0
30.433;3;AGENCIA GRAL. CABRERA;12 DE OCTUBRE 335 ;-63,8701800000;-32,8125300000;0
30.452;3;AGENCIA OLIVA;COLON 170 ;-63,5705900000;-32,0388800000;0
30.455;3;AGENCIA UCACHA;MISIONES 159 ;-63,5071600000;-33,0323800000;0
30.500;3;AGENCIA COSQUIN;PTE. PERON 778 ;-64,4625000000;-31,2416500000;0
30.523;3;AGENCIA CRUZ DEL EJE;HIPOLITO IRIGOYEN 160 ;-64,8100700000;-30,7203300000;0
30.525;3;AGENCIA LA FALDA;AV. ESPAÑA 263 ;-64,4835700000;-31,0865700000;0
30.553;3;AGENCIA CAPILLA DEL MONTE;RIVADAVIA 538 ;-64,5260200000;-30,8540900000;0
30.558;3;AGENCIA LA CUMBRE;LOPEZ Y PLANES 345 ;-64,4909600000;-30,9812900000;0
30.600;3;AGENCIA RIO TERCERO;MARTIN MAROTTO ESQ. URUGUAY 288 ;-64,1053800000;-32,1772100000;0
30.621;3;AGENCIA SANTA ROSA DE CALAMUCHITA;AV. JOSE MARIA GOMEZ 571 ;-64,5497200000;-32,0673400000;0
30.659;3;AGENCIA HERNANDO;SDO GIRAUDO y PIZARRO OLMOS S/Nº ;-63,7304500000;-32,4262000000;0
40.000;4;UGL IV - MENDOZA;CÓRDOBA 246 ;-68,8551670600;-32,9018968800;1
40.001;4;AGENCIA GUAYMALLEN;BRA. LOS ANDES 3909 ;-68,7909830000;-32,9018580000;0
40.002;4;AGENCIA SAN MARTIN;LEANDRO ALEM 593 ;-68,8276760000;-32,9032090000;0
40.003;4;AGENCIA TUNUYAN;HIPOLITO IRIGOYEN 888 ;-69,0199930000;-33,5743480000;0
40.004;4;AGENCIA LAS HERAS;SAN MARTIN 516 ;-68,7737390000;-32,8177770000;0
40.005;4;AGENCIA MAIPU;MITRE 278 ;-68,7856400000;-32,9817760000;0
40.006;4;AGENCIA LUJAN DE CUYO;ROQUE SAENZ PEÑA 529 ;-68,9031300000;-33,0324670000;0
40.007;4;AGENCIA 6TA. SECCION CAPITAL;PASO DE LOS ANDES 2955 ;-68,8547340000;-32,8683060000;0
40.050;4;AGENCIA LAVALLE;LAS HERAS 50 ;-68,4040280000;-32,7200000000;0
40.051;4;AGENCIA LA CONSULTA;9 DE JULIO 235 ;-69,1178730000;-33,7332630000;0
40.053;4;AGENCIA LA PAZ;CALIGNIANA 151 ;-67,5490110000;-33,4597300000;0
40.054;4;AGENCIA LAS CATITAS;FRANCISCO CIROT 85 ;-68,0475640000;-33,2981800000;0
40.055;4;AGENCIA RIVADAVIA;WENCESLAO NUÑEZ 732 ;-68,4666670000;-33,2000000000;0
40.056;4;AGENCIA USPALLATA;LAS HERAS Y LAS CALANDRIAS 246 ;-69,3454710000;-32,5899420000;0
40.057;4;AGENCIA TUPUNGATO;ALMIRANTE BROWN 290 ;-69,1466870000;-33,3674350000;0
40.062;4;AGENCIA JUNIN;LADISLAO SEGURA 123 ;-68,4850050000;-33,1450970000;0
40.100;4;AGENCIA - SAN RAFAEL;AV. RIVADAVIA 40 ;-68,3277120000;-34,6108000000;0
40.104;4;AGENCIA GENERAL ALVEAR;DIAG.PELLEGRINI 370 ;-67,6856540000;-34,9739360000;0
40.152;4;AGENCIA MALARGUE;RUFINO ORTEGA 778 ;-69,5807150000;-35,4720300000;0
40.158;4;AGENCIA VILLA ATUEL;9 DE JULIO Y SARMIENTO 555 ;-67,9234960000;-34,8310310000;0
40.159;4;AGENCIA BOWEN;COLON Y SAN MARTIN 555 ;-67,4970440000;-35,0017770000;0
40.160;4;AGENCIA MONTE COMAN;MENDOZA 147 ;-67,8797650000;-34,5925200000;0
50.000;5;UGL V - BAHIA BLANCA;SAN MARTÍN 261 ;-62,2612189000;-38,7196215700;1
50.001;5;AGENCIA SAAVEDRA;CECILIO LOPEZ 316 ;-62,3500000000;-37,7666670000;0
50.100;5;AGENCIA CORONEL ROSALES;HUMBERTO PRIMO 202 ;-62,0666670000;-38,8832000000;0
50.101;5;AGENCIA TRES ARROYOS;ISTILART 86 ;-60,2714180000;-38,3788280000;0
50.102;5;AGENCIA CORONEL PRINGLES;STEGMAN 557 ;-61,3666670000;-37,9666670000;0
50.103;5;AGENCIA CORONEL DORREGO;MACIEL  457 ;-61,2853570000;-38,7176620000;0
50.104;5;AGENCIA TORNQUIST;RAWSON 240 ;-62,2333330000;-38,1000000000;0
50.150;5;AGENCIA ORENSE;SAN MARTIN  243 ;-59,7739650000;-38,6853090000;0
50.200;5;AGENCIA CORONEL SUAREZ;MANUEL BELGRANO 1029;-61,9306522857;-37,4592557143;0
50.203;5;AGENCIA CARLOS PELLEGRINI;MARCONI  431 ;-63,1616950000;-36,2673900000;0
50.204;5;AGENCIA TRES LOMAS;SAN MARTIN  362 ;-62,8586340000;-36,4573260000;0
50.205;5;AGENCIA MONTE HERMOSO;TRAFUL BIS, GALERIA FENIZI LOCAL 268 S/N ;-61,2850460000;-38,9863670000;0
50.206;5;AGENCIA CARMEN DE PATAGONES;7 DE MARZO 150 ;-62,9636640000;-40,8008860000;0
50.207;5;AGENCIA MEDANOS;BARTOLOME MITRE 402 ;-62,7000000000;-38,8333330000;0
50.208;5;AGENCIA SALLIQUELO;STROEDER Y 27 DE OCTUBRE S/N ;-62,9601650000;-36,7501290000;0
50.209;5;AGENCIA GUAMINI;AV. M. FREIRE  105 ;-62,4170710000;-37,0117030000;0
50.210;5;AGENCIA CARHUE;LAPRIDA 960 ;-62,7500000000;-37,1833330000;0
50.211;5;AGENCIA PIGUE;MOSEÑOR DURBAN 701 ;-62,4000000000;-37,6833330000;0
50.212;5;AGENCIA PUAN;SAN MARTIN  498 ;-62,7672600000;-37,5439310000;0
50.250;5;AGENCIA HUANGUELEN;CALLE  12 558 ;-61,9325140000;-37,0624030000;0
50.251;5;AGENCIA PEDRO LURO;CALLE  NRO. 24 162 ;-62,7000000000;-39,5000000000;0
50.252;5;AGENCIA DARRAGUEIRA;RIVADAVIA 143 ;-63,1666670000;-37,7000000000;0
50.253;5;AGENCIA CASBAS;SAN MARTIN  936 ;-62,5028590000;-36,7563870000;0
50.255;5;AGENCIA STROEDER;7 DE MARZO 411 ;-62,6174430000;-40,1837910000;0
50.258;5;AGENCIA VILLA MITRE;CASEROS 1581 ;0,0000000000;0,0000000000;0
50.259;5;AGENCIA INGENIERO WHITE;SICHES 3937 ;-62,2667000000;-38,7833000000;0
50.260;5;AGENCIA GENERAL DANIEL CERRI;JOSE MARIA GUTIERREZ 379 ;-62,3833000000;-38,7333330000;0
60.000;6;UGL VI - CAPITAL FEDERAL;TUCUMAN 753 ;-58,3775370000;-34,6011890000;1
60.100;6;AGENCIA PAMI 1;JUAN BAUTISTA ALBERDI 5834 ;-58,5024580000;-34,6514970000;0
60.200;6;AGENCIA PAMI 2;AVDA. RIVADAVIA 8999 ;0,0000000000;0,0000000000;0
60.300;6;AGENCIA PAMI 3;AVDA. FRANCISCO BEIRO 3572 ;0,0000000000;0,0000000000;0
60.400;6;AGENCIA PAMI 4;VIDAL 2322 ;0,0000000000;0,0000000000;0
60.500;6;AGENCIA PAMI 5;ECUADOR 650 ;0,0000000000;0,0000000000;0
60.600;6;AGENCIA PAMI 6;AV. RIVADAVIA 7358 ;0,0000000000;0,0000000000;0
60.700;6;AGENCIA PAMI 7;AVDA CORRIENTES 5165 ;0,0000000000;0,0000000000;0
60.800;6;AGENCIA PAMI 8;AVDA BELGRANO 3880 ;0,0000000000;0,0000000000;0
60.801;6;BOCA DE ATENCION PARQUE PATRICIOS;AVENIDA CASEROS 3401 ;0,0000000000;0,0000000000;0
60.900;6;AGENCIA PAMI 9;PASEO COLON 975 ;0,0000000000;0,0000000000;0
61.000;6;AGENCIA PAMI 10;MORENO 1218 ;0,0000000000;0,0000000000;0
70.000;7;UGL VII - LA PLATA;AVDA 7 170;-57,9644030000;-34,9037695000;1
70.001;7;AGENCIA LOBOS;BARTOLOME MITRE 368 ;0,0000000000;0,0000000000;0
70.003;7;AGENCIA CHASCOMUS;BELGRANO 115 ;-58,0333330000;-35,5666670000;0
70.004;7;AGENCIA ALEJANDRO KORN;AV. PTE. PERON Y MITRE S/N ;-58,3793000000;-34,9925462449;0
70.005;7;AGENCIA MONTE;LEANDRO N ALEM 299;-58,8024130000;-35,4434840000;0
70.006;7;AGENCIA GENERAL BELGRANO;RIVADAVIA 66 ;-58,5000000000;-35,7666670000;0
70.007;7;AGENCIA CAÑUELAS;BASAVILBASO 486 ;-58,7583200000;-35,0574700000;0
70.008;7;AGENCIA RANCHOS;HIPOLITO YRIGOYEN 3247 ;-58,3159520000;-35,5158800000;0
70.009;7;AGENCIA CORONEL BRANSEN;ALBERTI 965 ;-58,2358023100;-35,1723166700;0
70.011;7;AGENCIA ENSENADA;FERELLA 593 ;-57,9111000000;-34,8642500000;0
70.012;7;AGENCIA BERISSO;CALLE 161 604 ;0,0000000000;0,0000000000;0
70.013;7;AGENCIA MAGDALENA;GOENAGA 882 ;0,0000000000;0,0000000000;0
70.014;7;AGENCIA GUERNICA;RUTA 210 ESQ 24 2409 ;0,0000000000;0,0000000000;0
70.051;7;AGENCIA CITY BELL;CNO CENTENARIO 76;-58,0390887143;-34,8679584898;0
70.052;7;AGENCIA LOS HORNOS;CALLE 66 2342 ;-57,9708660000;-34,9588750000;0
70.053;7;AGENCIA MELCHOR ROMERO;169 ENTRE 518 Y 519 1376 ;-58,0481350000;-34,9468630000;0
70.054;7;AGENCIA VILLA ELISA;419 (ARANA) 524 ;-58,0864830000;-34,8596230000;0
70.055;7;AGENCIA MANUEL J. COBO;PRESIDENTE PERON 365 ;-57,8976990000;-35,8763940000;0
70.056;7;AGENCIA PILA;MAXIMA PLANES DE CASCO 240 ;-58,1428310000;-36,0038750000;0
70.057;7;AGENCIA CASTELLI;AV 25 DE MAYO 308 ;-57,8166670000;-36,1000000000;0
70.058;7;AGENCIA VERONICA;CALLE 30 1606 ;-57,3352200000;-35,3900650000;0
70.059;7;AGENCIA VILLA ELVIRA;AVENIDA 122 2431 ;-57,9445410000;-34,9156680000;0
80.000;8;UGL VIII SAN MARTIN;AVDA DR RICARDO BALBIN 1954;-58,5404137551;-34,5820676939;1
80.001;8;AGENCIA CASEROS;JUAN B. ALBERDI 4645 ;-58,5612950000;-34,6034000000;0
80.002;8;AGENCIA VILLA BALLESTER;71 PROFESOR AGUER 4977;-58,5581790000;-34,5509100000;0
80.009;8;AGENCIA ESCOBAR;SPADACCINI 1078 ;-58,7963125918;-34,3518986327;0
80.100;8;AGENCIA SAN ISIDRO;9 DE JULIO 336 ;-58,5342000000;-34,4928716327;0
80.101;8;AGENCIA CAMPANA;MORENO 331 ;-58,9566740000;-34,1629190000;0
80.102;8;AGENCIA MUNRO;RIVADAVIA 2534 ;-58,5213410000;-34,5286740000;0
80.103;8;AGENCIA VICENTE LOPEZ;AV. MAIPU 2124 ;-58,4738160000;-34,5281200000;0
80.200;8;AGENCIA SAN MIGUEL;MUÑOZ 1563 ;-58,7250000000;-34,5489187245;0
80.201;8;AGENCIA MALVINAS ARGENTINAS;FRANCISCO SEGUI 1371 ;-58,7231317143;-34,4867951429;0
80.202;8;AGENCIA JOSE C. PAZ;PTE. PERON 3832 ;-58,7345230000;-34,5257930000;0
80.300;8;AGENCIA TIGRE;AVDA CAZON 966 ;-58,5837000000;-34,4290236939;0
80.301;8;AGENCIA SAN FERNANDO;AV. CONSTITUCION 1452 ;-58,5538280000;-34,4433890000;0
80.304;8;AGENCIA GRAL. PACHECO;CONSTITUYENTES 44 ;-58,6359680000;-34,4593490000;0
90.000;9;UGL IX ROSARIO;SAN LORENZO 926 ;-60,6354160000;-32,9450190000;1
90.001;9;AGENCIA ARROYO SECO;BELGRANO 434 ;-60,5127950000;-33,1596130000;0
90.010;9;BOCA DE ATENCION ROSARIO SUR;SAN MARTIN 4816 ;0,0000000000;0,0000000000;0
90.011;9;BOCA DE ATENCION ROSARIO NORTE;GENOVA 1722 ;0,0000000000;0,0000000000;0
90.100;9;AGENCIA CASILDA;BUENOS AIRES 2722 ;-61,4833330000;-33,1500000000;0
90.101;9;AGENCIA VENADO TUERTO;LISANDRO DE LA TORRE 841 ;-61,9736440000;-33,7484290000;0
90.102;9;AGENCIA RUFINO;BERNABÉ FERREYRA 151 ;-62,7097180000;-34,2648780000;0
90.103;9;AGENCIA SAN LORENZO;BOULEVAR URQUIZA 556 ;-60,7333480000;-32,7473090000;0
90.104;9;AGENCIA VILLA CONSTITUCION;LISANDRO DE LA TORRE 444 ;-60,3309950000;-33,2274160000;0
90.105;9;AGENCIA  CAÑADA DE GOMEZ;ESPAÑA 164 ;-61,3931290000;-32,8195770000;0
90.106;9;AGENCIA CHAÑAR LADEADO;9 DE JULIO 224 ;-62,0373990000;-33,3217430000;0
90.107;9;AGENCIA LAS ROSAS;ITALIA 116 ;-61,5833330000;-32,4833330000;0
90.108;9;AGENCIA FIRMAT;AVELLANEDA Y FRENCH S/N ;-61,4500000000;-33,3500000000;0
90.150;9;AGENCIA ALCORTA;ESPAÑA 838 ;-61,1208990000;-33,5398570000;0
90.151;9;AGENCIA TOTORAS;CARLOS PELLEGRINI 845 ;-61,1677620000;-32,5851870000;0
90.152;9;AGENCIA SAN GREGORIO;SAN MARTIN  797 ;-62,0386110000;-34,3252780000;0
90.153;9;AGENCIA WHEELWRIGHT;GRAL. LOPEZ 434 ;-61,2117510000;-33,7919880000;0
90.154;9;AGENCIA VILLA CAÑAS;CALLE 53 315 ;-61,6033670000;-34,0057830000;0
90.155;9;AGENCIA CARCARAÑA;BELGRANO 1418 ;-61,1500000000;-32,8667000000;0
90.156;9;AGENCIA VILLA GOBERNADOR GALVEZ;LIBERTAD 697 ;-60,6333000000;-33,0333000000;0
90.157;9;AGENCIA FUNES;SANTA FE 1750 ;0,0000000000;0,0000000000;0
90.158;9;AGENCIA GRANADERO BAIGORRIA;BELGRANO 96 ;0,0000000000;0,0000000000;0
90.159;9;AGENCIA PEREZ;AV. BELGRANO 1897 ;-60,8000000000;-33,1333330000;0
100.000;10;UGL X - LANUS;HIPOLITO YRIGOYEN 6247 ;-58,3954850000;-34,7285958300;1
100.002;10;AGENCIA VALENTIN ALSINA;PTE. PERON 3872 ;-58,4122500000;-34,6689400000;0
100.003;10;AGENCIA LANUS CENTRO;ARTURO ILLIA 1173 ;-58,3864600000;-34,7051900000;0
100.004;10;AGENCIA MONTE CHINGOLO;CENTENARIO URUGUAYO 1380 ;-58,3610300000;-34,7208700000;0
100.100;10;AGENCIA LOMAS DE ZAMORA;AV. ALSINA 1923 ;-58,3960500000;-34,7591600000;0
100.101;10;AGENCIA MONTE GRANDE;MAXIMO PAZ 11 ;-58,4702300000;-34,8139600000;0
100.102;10;AGENCIA ADROGUE;CANALE 96 ;-58,3655600000;-34,7814200000;0
100.103;10;AGENCIA VILLA FIORITO;EL PLUMERILLO 2028 ;-58,4399300000;-34,7078600000;0
100.104;10;AGENCIA EZEIZA;CONQUISTA DEL DESIERTO 376 ;-58,5235300000;-34,8551600000;0
100.200;10;AGENCIA AVELLANEDA;BEREGUESTEIN 36 ;-58,3537600000;-34,6698200000;0
100.201;10;AGENCIA PIÑEYRO;VILLEGAS 15 ;-58,3786300000;-34,6665200000;0
100.202;10;AGENCIA GLEW;SARMIENTO 195 ;-58,3868900000;-34,8907200000;0
100.304;10;AGENCIA BANFIELD;AVENIDA HIPÓLITO YRIGOYEN 6922;-58,3974640000;-34,7355930000;0
100.305;10;AGENCIA WILDE;AVENIDA FABIÁN ONZARI 184 ;0,0000000000;0,0000000000;0
110.000;11;UGL XI MAR DEL PLATA;BALCARCE 3296;-57,5494536531;-37,9914120816;1
110.002;11;AGENCIA BALCARCE;CALLE 15 401 ;-58,2580080000;-37,8425000000;0
110.003;11;AGENCIA NECOCHEA;CALLE 62 3143 ;-58,7431270000;-38,5551355700;0
110.004;11;AGENCIA SANTA TERESITA;CALLE 35  801 ;-56,7000140000;-36,5367610000;0
110.005;11;AGENCIA SAN CAYETANO;BELGRANO Y JUSTO GIRADO S/N ;-59,6138910000;-38,3440120000;0
110.006;11;AGENCIA LOBERIA;ALEM 169 ;-58,7666670000;-38,1666670000;0
110.007;11;AGENCIA MIRAMAR;CALLE 28     1127 ;-57,8395217800;-38,2695852900;0
110.008;11;AGENCIA VILLA GESELL;CALLE 105 365 ;-56,9700370000;-37,2557630000;0
110.009;11;AGENCIA GENERAL MADARIAGA;HIPOLITO IRIGOYEN  122 ;-57,1340700000;-36,9975490000;0
110.010;11;AGENCIA CORONEL VIDAL;AVELLANEDA 40 ;-57,7333330000;-37,4500000000;0
110.011;11;AGENCIA MAIPU;JULIAN LYNCH 141 ;-57,8772780000;-36,8637590000;0
110.013;11;AGENCIA DOLORES;CASTELLI 152 ;-57,6748482000;-36,3144203300;0
110.052;11;AGENCIA PINAMAR;MARCO POLO ESQ. JASON 54 ;-56,8657740000;-37,1122660000;0
110.053;11;AGENCIA GENERAL GUIDO;ANSELMO CEPEDA  150 ;-57,7919630000;-36,6410000000;0
110.054;11;AGENCIA MAR DE AJO;SAN JUAN  1263 ;-56,6781700000;-36,7050190000;0
110.055;11;AGENCIA ZONA PUERTO MAR DEL PLATA;RONDEAU  520 ;-57,5508750000;-38,0407060000;0
110.056;11;AGENCIA QUEQUEN;CALLE 519    2399 ;-58,6977960000;-38,5528880000;0
110.057;11;AGENCIA SAN CLEMENTE DEL TUYU;CALLE 4 2303 ;-56,7214837800;-36,3552281400;0
110.058;11;AGENCIA GENERAL PIRAN;BELGRANO 351 ;-57,7333330000;-37,4500000000;0
110.059;11;AGENCIA COMANDANTE NICANOR OTAMENDI;PUEYRREDON 2565 ;-57,8500000000;-38,1333330000;0
110.060;11;AGENCIA JUAN N. FERNANDEZ;CALLE 35 y 20 S/Nº ;-59,2666670000;-38,0166670000;0
110.061;11;AGENCIA LA DULCE;CALLE 35  45 ;-59,2000000000;-38,2833330000;0
110.062;11;AGENCIA SANTA CLARA DEL MAR;LASTRES  174 ;-57,5054060000;-37,8427330000;0
110.063;11;AGENCIA BATAN;CALLE 136, Esq. 155 S/Nº ;-57,7166670000;-38,0000000000;0
110.064;11;AGENCIA GENERAL LAVALLE;DE LA SERNA 1064 ;-56,9500000000;-36,4166670000;0
110.090;11;BOCA DE ATENCION TUCUMAN;TUCUMAN 2271 ;0,0000000000;0,0000000000;0
110.091;11;BOCA DE ATENCION CONSTITUCION;CONSTITUCION 5988 ;0,0000000000;0,0000000000;0
110.100;11;AGENCIA TANDIL;PINTO 869 ;-59,1359000000;-37,3187000000;0
110.101;11;AGENCIA AYACUCHO;9 DE JULIO 737 ;-58,4833330000;-37,1500000000;0
110.102;11;AGENCIA BENITO JUAREZ;CORDOBA 95 ;-59,6666670000;-37,6833330000;0
110.103;11;AGENCIA RAUCH;GARRALDA 294 ;-59,0932950000;-36,7759660000;0
110.104;11;AGENCIA GONZALEZ CHAVEZ;LAVALLE 65 ;-60,0952650000;-38,0334900000;0
120.000;12;UGL XII - SALTA;FERNANDO DE ZUVIRIA 20;-65,4095726939;-24,7896524694;1
120.001;12;AGENCIA TARTAGAL;RICHIERI  51 ;-63,8070400000;-22,5128640000;0
120.002;12;AGENCIA ORAN;ALVARDO 64 ;-64,3333330000;-23,1333330000;0
120.003;12;AGENCIA METAN;PJE. LOPEZ y PLANES 224 ;-64,9666670000;-25,5000000000;0
120.004;12;AGENCIA JOAQUIN V. GONZALEZ;25 DE MAYO 303 ;-64,1833330000;-25,0833330000;0
120.005;12;AGENCIA CERRILLOS;EGIDIO BONATO 201 ;-65,4833330000;-24,9167000000;0
120.050;12;AGENCIA GENERAL GUEMES;LEANDRO N ALEM 180 ;-65,0333760000;-24,6821760000;0
120.052;12;AGENCIA CAFAYATE;SEBASTIAN ARIAS  50 ;-65,9810790000;-26,0723570000;0
120.053;12;AGENCIA ROSARIO DE LA FRONTE;VIEJA TERMINAL DE OMNIBUS  S/N ;-64,9666670000;-25,8000000000;0
120.054;12;AGENCIA EL CARRIL;ISLAS MALVINAS  318 ;-65,4925950000;-25,0723440000;0
120.055;12;AGENCIA ROSARIO DE LERMA;9 DE JULIO 156 ;-65,5833330000;-24,9833330000;0
120.056;12;AGENCIA CACHI;RUIZ DE LOS LLANOS S/Nº ;-66,2000000000;-25,1166670000;0
120.057;12;AGENCIA EMBARCACION;ESPAÑA  24 ;-64,1166670000;-23,2166670000;0
120.058;12;AGENCIA APOLINARIO SARAVIA;PASAJE PEYROTTY 70 ;-64,0333330000;-24,4166670000;0
130.000;13;UGL XIII - CHACO;AVDA 9 DE JULIO 155 ;-58,9886341400;-27,4594750200;1
130.001;13;AGENCIA ROQUE SAENZ PEÑA;LOPEZ y PLANES  (CALLE 21) 519 ;-60,4500000000;-26,7833330000;0
130.002;13;AGENCIA VILLA ANGELA;LAVALLE 198 ;-60,7167610000;-27,5771260000;0
130.003;13;AGENCIA GENERAL SAN MARTIN;12 DE OCTUBRE 660 ;-59,3500000000;-26,5333330000;0
130.004;13;AGENCIA LAS BREÑAS;GRAL. JONES 1110 ;-61,0833330000;-27,0833330000;0
130.005;13;AGENCIA CHARATA;25 DE MAYO 857 ;-61,1876320000;-27,2127700000;0
130.006;13;AGENCIA JUAN JOSE CASTELLI;SARMIENTO 940 ;-60,6166670000;-25,9500000000;0
130.050;13;AGENCIA LAS PALMAS;REMEDIOS DE ESCALADA 402 ;-58,6791940000;-27,0520170000;0
130.052;13;AGENCIA ISLETAS;ALBERDI 602 ;-60,4333330000;-26,3500000000;0
130.053;13;AGENCIA GENERAL PINEDO;RIVADAVIA  357 ;-61,2809730000;-27,3245000000;0
130.054;13;AGENCIA SANTA SYLVINA;J. BAIGORRIA 541 ;-61,1666670000;-27,8166670000;0
130.055;13;AGENCIA SAN BERNARDO;MORENO 607 ;-60,7166670000;-27,2833330000;0
130.056;13;AGENCIA CORZUELA;PRES. ROCA 337 ;-60,9833330000;-26,9500000000;0
130.057;13;AGENCIA MACHAGAI;TEODOLINDA ERMACORA 101 ;-58,6833330000;-27,0666670000;0
130.058;13;AGENCIA PAMPA DEL INFIERNO;AVDA SAN MARTÍN 551 ;-61,1666670000;-26,5166670000;0
130.059;13;AGENCIA VILLA BERTHET;MITRE S/NRO. S/Nº ;-60,4129240000;-27,2890740000;0
130.060;13;AGENCIA TACO POZO;MORENO S/NRO. S/Nº ;-63,2682110000;-25,6156410000;0
130.061;13;AGENCIA PAMPA DEL INDIO;DR. BALBUENA VALDEZ  520 ;-59,9421430000;-26,0481850000;0
130.062;13;AGENCIA BARRANQUERAS;AVDA. LAPRIDA 5440 ;-58,9333000000;-27,4833000000;0
130.063;13;AGENCIA QUITILIPI;SAN MARTIN 730 ;-60,2166670000;-26,8833330000;0
130.064;13;AGENCIA EL SAUZALITO;ONOLHO S/NRO. (MZ. 75 PC. 9) N/N ;-61,5238260000;-24,9248390000;0
140.000;14;UGL XIV - ENTRE RIOS;VENEZUELA 100 ;-60,5315880000;-31,7347490000;1
140.003;14;AGENCIA NOGOYA;CENTENARIO 1090 ;-59,7872700000;-32,3992400000;0
140.005;14;AGENCIA GUALEGUAY;FEDERACION 21 ;-59,3124500000;-33,1499100000;0
140.006;14;AGENCIA LA PAZ;ECHAGÜE 985 ;-59,6450200000;-30,7416000000;0
140.052;14;AGENCIA ROSARIO DEL TALA;SAENZ PEÑA 432 ;-59,1418700000;-32,3025100000;0
140.055;14;AGENCIA VICTORIA;ESPAÑA 261 ;-60,1527300000;-32,6246700000;0
140.057;14;AGENCIA SANTA ELENA;PRIMER MAESTRO 298 ;-59,7833100000;-30,9478600000;0
140.059;14;AGENCIA DIAMANTE;AV. COLON 447 ;-60,6387000000;-32,0618800000;0
140.060;14;AGENCIA HERNANDARIAS;TUCUMAN 368 ;-59,9848400000;-31,2308900000;0
140.062;14;AGENCIA GENERAL GALARZA;AV. RAMIREZ (ex estación de tren) S/N° ;-59,3946700000;-32,7201400000;0
140.064;14;AGENCIA LUCAS GONZALEZ;SUPREMO ENTRERRIANO 298 ;-59,5284200000;-32,3846000000;0
140.065;14;AGENCIA MACIA;ELIAS LOIBER 20 ;-59,4012400000;-32,1736500000;0
140.066;14;AGENCIA CERRITO;DIAGONAL INDUSTRIA 245 ;-60,0730800000;-31,5837600000;0
140.067;14;AGENCIA CRESPO;ESTRADA 1322 ;-60,3058900000;-32,0313300000;0
140.068;14;AGENCIA MARIA GRANDE;AV. URQUIZA (ex estación de tren) S/N° ;-59,9091600000;-31,6627700000;0
140.069;14;AGENCIA HASENKAMP;RAMIREZ 473 ;0,0000000000;0,0000000000;0
140.070;14;AGENCIA SAN AGUSTIN;GENERAL GALAN 1233 ;0,0000000000;0,0000000000;0
150.000;15;UGL XV - SANTA FE;1 DE MAYO 2269 ;-60,7113909200;-31,6485211400;1
150.001;15;AGENCIA RAFAELA;BVARD. PTE JULIO A ROCA 255 ;-61,4944541600;-31,2520847800;0
150.002;15;AGENCIA EL TREBOL;SANTA FE  951 ;-61,7017220000;-32,1965330000;0
150.003;15;AGENCIA RECONQUISTA;ROCA 1032 ;-59,6666670000;-29,1500000000;0
150.004;15;AGENCIA ESPERANZA;AV. CORDOBA  1982 ;-60,9347710000;-31,4476480000;0
150.005;15;AGENCIA CORONDA;BELGRANO 2001 ;-60,9166670000;-31,9666670000;0
150.006;15;AGENCIA CERES;MORENO 185 ;-61,9500000000;-29,8833330000;0
150.007;15;AGENCIA VERA;COLON 1635 ;-60,2162500000;-29,4640370000;0
150.008;15;AGENCIA SAN JAVIER;ALVEAR 2056 ;-59,9333330000;-30,5833330000;0
150.009;15;AGENCIA SAN JUSTO;SAN MARTÍN 2353 ;-60,5833330000;-30,7833330000;0
150.010;15;AGENCIA SAN CARLOS;BELGRANO 1555 ;-61,1031800800;-31,7511830200;0
150.011;15;AGENCIA VILLA OCAMPO;BV. URQUIZA 1560 ;0,0000000000;0,0000000000;0
150.012;15;AGENCIA GALVEZ;1º JUNTA 660 ;-61,2144933300;-32,0327376700;0
150.013;15;AGENCIA SANTO TOME;SARMIENTO 2351 ;0,0000000000;0,0000000000;0
150.052;15;AGENCIA SAN JORGE;URQUIZA 1269 ;-61,8500000000;-31,9000000000;0
150.053;15;AGENCIA SAN CRISTOBAL;HIPOLITO YRIGOYEN 781 ;-61,2335243900;-30,3061309600;0
150.054;15;AGENCIA TOSTADO;INDEPENDENCIA 1787 ;-61,7666670000;-29,2333330000;0
150.055;15;AGENCIA SAN GUILLERMO;SAN MARTIN 730 ;-61,7333330000;-30,2333330000;0
150.056;15;AGENCIA SUNCHALES;AMEGHINO 27 ;-61,5833330000;-30,9500000000;0
150.057;15;AGENCIA MARIA JUANA;SARMIENTO 64 ;-61,7333330000;-31,6833330000;0
150.058;15;AGENCIA HELVECIA;SENADOR ANTILLE 750 ;-60,0833330000;-31,1000000000;0
150.059;15;AGENCIA LAGUNA PAIVA;MORENO Y 25 DE MAYO S/N ;-60,6500000000;-31,3000000000;0
150.060;15;AGENCIA SAN JOSE DEL RINCON;CASTAÑEDA Y REPUBLICA 00000 ;0,0000000000;0,0000000000;0
160.000;16;AGENCIA NEUQUEN;HIPOLITO YRIGOYEN 45/55 ;-68,0602918800;-38,9546591600;1
160.001;16;AGENCIA CUTRAL-CO;OLASCOAGA 670 ;-69,2166670000;-38,9333330000;0
160.002;16;AGENCIA ZAPALA;EJERCITO ARGENTINO 201 ;-70,0701610000;-38,9049770000;0
160.003;16;AGENCIA SAN MARTIN DE LOS ANDES;CAPITAN DRURY 986 ;-71,3499820000;-40,1589680000;0
160.004;16;AGENCIA RINCÓN DE LOS SAUCES;SAN MARTIN 1047 ;-68,7345240000;-37,4737840000;0
160.050;16;AGENCIA CENTENARIO;PADRE JACINTO STABILE 247 ;-68,1349830000;-38,8337910000;0
160.051;16;AGENCIA CHOS-MALAL;LAVALLE 120 ;-70,2727215100;-37,3767932200;0
160.052;16;AGENCIA PLOTTIER;MARTELOTTA 96 ;-68,2291390000;-38,9527340000;0
160.053;16;AGENCIA JUNIN DE LOS ANDES;CORONEL SUAREZ 59 ;-71,0750230000;-39,9505430000;0
160.054;16;AGENCIA LONCOPUE;DAVID ALMENDRA S/Nº ;-70,6156180000;-38,0715750000;0
160.055;16;AGENCIA ALUMINE;CONRADO VILLEGAS 201 ;-70,9225060000;-39,2349120000;0
160.056;16;AGENCIA VILLA LA ANGOSTURA;CACIQUE SAYHUEQUE 179 ;-71,6461870000;-40,7632510000;0
160.057;16;AGENCIA PLAZA HUINCUL;SAN MARTIN. LOCAL N° 2 773 ;-69,2000000000;-38,9166670000;0
160.058;16;AGENCIA PIEDRA DEL AGUILA;LAS ROCAS ESQ SARMIENTO  . ;-70,0666670000;-40,0500000000;0
170.000;17;UGL XVII - CHUBUT;SAAVEDRA 935 ;-67,4957330000;-45,8604280000;1
170.001;17;AGENCIA ESQUEL;9 DE JULIO 725 ;-71,3245760000;-42,9153580000;0
170.002;17;AGENCIA TRELEW;INMIGRANTES 122 ;0,0000000000;0,0000000000;0
170.006;17;AGENCIA PUERTO MADRYN;MITRE 636 ;-65,0361260000;-42,7694310000;0
170.050;17;AGENCIA SARMIENTO;PERITO MORENO  351 ;-69,0707090000;-45,5842510000;0
170.051;17;AGENCIA EL MAITEN;RIVADAVIA 770 ;-71,1500000000;-42,0333330000;0
170.052;17;AGENCIA GAIMAN;HIPOLITO YRIGOYEN  152 ;-65,4921270000;-43,2888270000;0
170.053;17;AGENCIA RAWSON;PASAJE GARZON  74 ;-65,1018510000;-43,2970890000;0
170.054;17;AGENCIA RIO MAYO;BELGRANO ESQ. IRIGOYEN S/N ;-70,2666670000;-45,6833330000;0
170.055;17;AGENCIA RIO SENGUER;SAN JUAN BOSCO (HTAL RURAL RIO SENGUER) S/N ;-70,8177060000;-45,0435500000;0
170.056;17;AGENCIA GOBERNADOR COSTA;JULIO A. ROCA y JOSE AGUADO S/N ;-70,5980010000;-44,0505830000;0
170.057;17;AGENCIA DOLAVON;MAIPU 114 ;-65,7067470000;-43,3083790000;0
170.058;17;AGENCIA DON BOSCO;GAUCHO RIVERO 112 C ;-67,4233140000;-45,7955660000;0
170.059;17;AGENCIA TREVELIN;SAN MARTIN  719 ;-71,4642260000;-43,0786690000;0
180.000;18;UGL XVIII - MISIONES;SALTA 1744;-55,8937547143;-27,3716690000;1
180.001;18;AGENCIA OBERA;AV. LIBERTAD 455 ;-55,1166670000;-27,4833330000;0
180.002;18;AGENCIA EL DORADO;LOWE 175 ;-54,6267840000;-26,3994040000;0
180.003;18;AGENCIA APOSTOLES;BELGRANO 447 ;-55,7549110000;-27,9144530000;0
180.004;18;AGENCIA JARDIN AMERICA;URUGUAY 369 ;-55,2269050000;-27,0427670000;0
180.005;18;AGENCIA PUERTO RICO;AV. 9 DE JULIO Y ANDRESITO SN ;-55,0333330000;-26,8000000000;0
180.006;18;AGENCIA MONTECARLO;H QUIROGA Y CARLOS CULMEY S/Nº ;-54,7631620000;-26,5660750000;0
180.007;18;AGENCIA PUERTO IGUAZU;SAN MARTÍN LOCAL 6 231 ;-54,5744150000;-25,5962610000;0
180.008;18;AGENCIA LEANDRO N ALEM;25 DE MAYO 256 ;-55,3171290000;-27,6002130000;0
180.009;18;AGENCIA SAN VICENTE;J.B.ALBERDI S/N ;-54,5025990000;-26,9876660000;0
180.050;18;AGENCIA BERNARDO DE IRIGOYEN;AV. GUACURARI S/Nº ;-53,6426860000;-26,2562760000;0
180.051;18;AGENCIA SAN JAVIER;SARMIENTO Y JACOBO LENUZA MANZANA 116 81 ;-55,1389040000;-27,8718780000;0
180.052;18;AGENCIA SAN PEDRO;ALBERDI 358 ;-54,1132060000;-26,6307910000;0
180.053;18;AGENCIA PUERTO ESPERANZA;ENTRE RIOS 150 ;-54,6151860000;-26,0251070000;0
180.054;18;AGENCIA SAN IGNACIO;SAN MARTIN 253 ;-55,5373550000;-27,2591690000;0
180.055;18;AGENCIA EL SOBERBIO;MORENO 433 ;-54,2000000000;-27,3000000000;0
180.056;18;AGENCIA ARISTOBULO DEL VALLE;PADRE FIEGE 1054 ;-54,8961510000;-27,0978100000;0
180.057;18;AGENCIA SAN JOSE;AVDA. CENTENARIO Y DON BOSCO S/N ;-55,7806060000;-27,7698360000;0
180.058;18;AGENCIA 25 DE MAYO;RIVADAVIA 320 ;-54,7333000000;-27,4667000000;0
180.059;18;AGENCIA CANDELARIA;AVDA. ROQUE GONZALEZ S/Nº ;-55,8333330000;-27,4833330000;0
180.060;18;AGENCIA SANTA ANA;AVDA SAN MARTIN S/Nº ;-55,5833330000;-27,3666670000;0
180.061;18;AGENCIA PUERTO PIRAY;MARCOS PAZ 455 ;0,0000000000;0,0000000000;0
190.000;19;UGL XIX  - SANTIAGO DEL ESTERO;PELLEGRINI 335 ;-64,2593036300;-27,7844852700;1
190.001;19;AGENCIA AÑATUYA;DR. STEMBERG 117 ;-62,8344302000;-28,4626872000;0
190.002;19;AGENCIA FRIAS;BELGRANO  57 ;-65,1300680000;-28,6374930000;0
190.003;19;AGENCIA TERMAS DE RIO HONDO;DORREGO  27 ;-64,8631300000;-27,4908232857;0
190.004;19;AGENCIA FERNANDEZ;INDEPENDENCIA 126 ;-63,9000000000;-27,9166670000;0
190.005;19;AGENCIA LORETO;25 de mayo S/N ;-64,0666670000;-27,8333330000;0
190.006;19;AGENCIA OJO DE AGUA;SAN MARTÍN (POR AHORA) 571 ;-63,6944460000;-29,5012080000;0
190.007;19;AGENCIA QUIMILI;MORENO  220 ;-62,4157480000;-27,6426300000;0
190.008;19;AGENCIA LA BANDA;AV. BELGRANO  158 ;-64,2410770000;-27,7338890000;0
190.050;19;AGENCIA CLODOMIRA;REPUBLICA 634 ;-64,2416514900;-27,7334416900;0
190.051;19;AGENCIA SELVA;RIVADAVIA ESQUINA ITALIA 202 ;-62,0500000000;-29,7833330000;0
190.052;19;AGENCIA BANDERA;RIVADAVIA ENTRE CALLE MORENO Y SARMIENTO S/N ;-62,2666670000;-28,8833330000;0
190.053;19;AGENCIA PINTO;SARMIENTO  402 ;-62,6500000000;-29,1333330000;0
190.054;19;AGENCIA SUNCHO CORRAL;CALLE 9 DE JULIO ENTRE CALLE BELGRANO Y MITRE S/N ;-63,4333330000;-27,9333330000;0
190.055;19;AGENCIA VILLA ATAMISQUI;LA RIOJA ENTRE CALLE SAN MARTIN Y ALVARADO NULL ;-63,8166670000;-28,4833330000;0
190.056;19;AGENCIA MONTE QUEMADO;SAN MARTIN 724 ;-62,8833330000;-25,8000000000;0
190.057;19;AGENCIA CAMPO GALLO;IRIGOYEN  E/RIVADAVIA Y LAVALLE B° CENTRO S/N ;-62,8666670000;-26,5833330000;0
190.058;19;AGENCIA TINTINA;SAN JUAN S/Nº ;-62,7000000000;-27,0333330000;0
190.059;19;AGENCIA POZO HONDO;25 DE MAYO E/PERON E IRIGOYEN . ;-64,5000000000;-27,1666670000;0
190.060;19;AGENCIA NUEVA ESPERANZA;. . ;-64,2666670000;-26,2000000000;0
190.061;19;AGENCIA SAN PEDRO DE GUASATAN;MAIPU  46 ;-65,1654550000;-27,9543780000;0
190.062;19;AGENCIA LOS JURIES;TUCUMAN SN B° ;-62,1166670000;-28,4666670000;0
190.063;19;AGENCIA PAMPA DE LOS GUANACOS;BELGRANO ESQ. SALTA BARRIO PRO-VI-RU S/N ;-61,8374560000;-26,2293750000;0
190.064;19;AGENCIA LA CAÑADA;INDEPENDENCIA 128 ;0,0000000000;0,0000000000;0
190.065;19;AGENCIA SUMAMPA;9 de julio 143 ;-63,4833330000;-29,3666670000;0
190.066;19;AGENCIA BANDERA BAJADA;AVDA BELGRANO 150 ;0,0000000000;0,0000000000;0
190.067;19;AGENCIA BREA POZO;25 DE MAYO y JUAN D PERON . ;0,0000000000;0,0000000000;0
190.068;19;AGENCIA LAVALLE;RIVADAVIA 290 ;0,0000000000;0,0000000000;0
190.069;19;AGENCIA COLONIA DORA;CORRIENTES ENTRE CALLE MITRE Y SUISPACHA S/N ;-62,9471180000;-28,5985390000;0
190.070;19;AGENCIA BELTRAN;JUAN XXIII  ENTRE AV. SAN MARTIN Y URIARTE S/N ;-64,0612010000;-27,8277290000;0
190.071;19;AGENCIA LOS TELARES;SAN MARTIN S/Nº ;0,0000000000;0,0000000000;0
200.000;20;UGL XX - LA PAMPA;AV. SAN MARTIN OESTE 106 ;-64,2990933500;-36,6245785100;1
200.001;20;AGENCIA GRAL PICO;CALLE 13 268 ;-63,7575300000;-35,6611300000;0
200.002;20;AGENCIA GRAL ACHA;GRAL.CAMPOS 532 ;-64,5999200000;-37,3761300000;0
200.003;20;AGENCIA REALICO;AV. MULLALLY 1714 ;-64,2461700000;-35,0378700000;0
200.050;20;AGENCIA MACACHIN;SARMIENTO 314 ;-63,6675900000;-37,1376700000;0
200.051;20;AGENCIA GENERAL SAN MARTIN;JUAN ADAGAS 120 ;-63,6022900000;-37,9795200000;0
200.052;20;AGENCIA GUATRACHE;AV. ZEBALLOS 496 ;-63,5415400000;-37,6686700000;0
200.053;20;AGENCIA QUEMU-QUEMU;MITRE 567 ;-63,5667500000;-36,0543700000;0
200.054;20;AGENCIA COLONIA BARON;DON BOSCO 1141 ;-63,8522100000;-36,1529800000;0
200.055;20;AGENCIA CATRILO;AV.VIAL 373 ;-63,4197900000;-36,4078100000;0
200.056;20;AGENCIA EDUARDO CASTEX;SARMIENTO 771 ;-64,2943200000;-35,9154400000;0
200.057;20;AGENCIA VICTORICA;CALLE 16 705 ;-65,4362100000;-36,2163700000;0
200.058;20;AGENCIA INTENDENTE ALVEAR;AVDA SAN MARTIN 156 ;-63,5914200000;-35,2362600000;0
200.059;20;AGENCIA INGENIERO LUGGI;TUCUMAN 612 ;-64,4672200000;-35,3863900000;0
200.060;20;AGENCIA COLONIA 25 DE MAYO;TOAY 214 ;-67,7144600000;-37,7744100000;0
210.000;21;UGL XXI - SAN JUAN;AVDA CORDOBA ESTE 5;-68,5253831429;-31,5404077347;1
210.001;21;AGENCIA CAUCETE;RAWSON 767 ;-68,3166670000;-31,7440800000;0
210.002;21;AGENCIA JACHAL;AV CASEROS ESQ. LAPRIDA 265 ;-68,6833000000;-30,2000000000;0
210.003;21;AGENCIA RAWSON;BOULEVARD SARMIENTO OESTE 17 ;-68,5355891224;-31,5845065714;0
210.050;21;AGENCIA VILLA MEDIA AGUA;JOSE AREZ, ENTRE CALLES RIVADAVIA Y BARBOZA 70 ;-68,4000000000;-31,9833330000;0
210.051;21;AGENCIA BARREAL;CORDILLERA DE ANSILTA ESQ. SOLER S/N ;-69,4666670000;-31,6333330000;0
210.052;21;AGENCIA VALLE FERTIL;GENERAL ACHA NORTE 82 ;-67,4615680000;-30,6333330000;0
210.053;21;AGENCIA 9 DE JULIO;DIAGONAL SAN MARTIN S/N ;-68,3925660000;-31,6689570000;0
210.054;21;AGENCIA CHIMBAS;YAPEYU NORTE 1682 ;-68,5408860000;-31,5027947143;0
210.055;21;AGENCIA VILLA SANTA ROSA;RUTA NRO. 270, ENTRE CALLES 4 y 5 S/N ;-68,3205610000;-31,8166670000;0
210.056;21;AGENCIA POCITO;R. VIDART Y STA. Mº DE ORO 1073 ;-68,5805580000;-31,6557160000;0
220.000;22;UGL XXII - JUJUY;LAVALLE 376 ;-65,3013835100;-24,1853682400;1
220.001;22;AGENCIA LA QUIACA;BALCARCE 156 ;-65,5986000000;-22,1057600000;0
220.002;22;AGENCIA SAN PEDRO;GOBERNADOR TELLO 133 ;-64,8688600000;-24,2296100000;0
220.003;22;AGENCIA HUMAHUACA;BUENOS AIRES ESQ.SAN JUAN 96 ;-65,3482900000;-23,2064400000;0
220.004;22;AGENCIA LIBERTADOR GRAL SAN MARTIN;AVDA. LIBERTAD 592 ;-64,7929000000;-23,8182500000;0
220.005;22;AGENCIA PALPALA;AVDA. RIO DE LA PLATA 383 ;-65,2132000000;-24,2570600000;0
220.050;22;AGENCIA PERICO;MARIANO MORENO ESQ. LAVALLE 199 ;-65,1182700000;-24,3750100000;0
220.051;22;AGENCIA EL CARMEN;AV.EJERCITO DEL NORTE 386 ;-64,8833330000;-24,5833330000;0
220.052;22;AGENCIA TILCARA;JUJUY 551 ;-65,3941500000;-23,5775600000;0
220.053;22;AGENCIA ABRA PAMPA;RUTA 9 AV JUAN DOMINGO PERON S/N ;-65,6964400000;-22,7212300000;0
230.000;23;UGL XXIII - FORMOSA;MORENO 1193 ;-58,1758999400;-26,1906002200;1
230.001;23;AGENCIA CLORINDA;AVDA SAN MARTIN 216 ;-57,7081600000;-25,2870380000;0
230.002;23;AGENCIA IBARRETA;SAN MARTIN 629 ;-59,8575640000;-25,2130170000;0
230.003;23;AGENCIA EL COLORADO;SANTA FE 148 ;-59,3667000000;-26,3000000000;0
230.005;23;AGENCIA LAS LOMITAS;LIBERTAD 245 ;-60,5923530000;-24,7044200000;0
230.050;23;AGENCIA LAGUNA BLANCA;LEANDO N. ALEN y SAN MARTIN S/N ;-58,2450130000;-25,1287730000;0
230.051;23;AGENCIA INGENIERO JUAREZ;AVDA. DEGUEN 384 ;-61,8539860000;-23,8964320000;0
230.052;23;AGENCIA PIRANE;SARMIENTO Y GRAL. PAZ S/N ;0,0000000000;0,0000000000;0
230.053;23;AGENCIA GENERAL BELGRANO;AV LIBERTADOR ESQ J.D. PERON S/N ;-58,9850950000;-24,9666670000;0
230.054;23;AGENCIA VILLA GENERAL GUEMES;FONTANA Y AV. BELGRANO S/Nº ;-59,5050600000;-24,7541970000;0
240.000;24;UGL XXIV - CATAMARCA;SAN MARTIN 680 ;-65,7778238400;-28,4698276900;1
240.001;24;AGENCIA BELEN;URQUIZA 240 ;-67,0271230000;-27,6500050000;0
240.002;24;AGENCIA SANTA MARIA;SAN MARTIN 380 ;-66,0485670000;-26,6981550000;0
240.003;24;AGENCIA TINOGASTA;COPIAPO 459 ;-67,5658820000;-28,0666030000;0
240.004;24;AGENCIA ANDALGALA;BARCENA S/N° ;-66,3165810000;-27,5838400000;0
240.005;24;AGENCIA RECREO;RIVADAVIA 125 ;-65,0666670000;-29,2833330000;0
240.006;24;AGENCIA POMAN;PTE. CASTILLO S/N ;-66,2187230000;-28,3957800000;0
240.007;24;AGENCIA VALLE VIEJO;PADRE ESQUIU 33 ;-65,7333330000;-28,4333330000;0
240.008;24;AGENCIA PIEDRA BLANCA;LA CALLECITA RUTA 41 S/N ;-65,7042840000;-28,3957610000;0
240.053;24;AGENCIA BAÑADO DE OVANTA;AVDA. NESTOR KIRCHNER S/N° - RUTA NAC. 64 S/N ;-65,3187490000;-28,1049950000;0
240.055;24;AGENCIA CHUMBICHA;BELGRANO ESQ CATAMARCA S/N ;-66,2359360000;-28,8523420000;0
240.056;24;AGENCIA FIAMBALA;DIEGO CARRIZO S/N ;-67,6194910000;-27,6909760000;0
240.059;24;AGENCIA LA MERCED;EJERCITO DEL NORTE S/N ;-65,6595400000;-28,1529470000;0
240.060;24;AGENCIA LA PUERTA;CALLE PRINCIPAL BARRIO EL TALAR S/N ;-65,8666670000;-28,1500000000;0
240.061;24;AGENCIA LA PUERTA DEL CORRAL QUEMADO;CALLE PRINCIPAL BARRIO SAN ROQUE S/N ;-66,9500000000;-27,3500000000;0
250.000;25;UGL XXV - LA RIOJA;AVDA. FACUNDO QUIROGA 53 ;-66,8483338200;-29,4173196800;1
250.001;25;AGENCIA CHILECITO;JOAQUIN V. GONZALEZ  221 ;-67,5000000000;-29,1666670000;0
250.002;25;AGENCIA CHAMICAL;SAN MARTIN 149 ;-66,3166670000;-30,3666670000;0
250.003;25;AGENCIA CHEPES;JUAN DOMINGO PERON Y ROQUE SAENZ PEÑA S/N ;-66,6166670000;-31,3500000000;0
250.004;25;AGENCIA AIMOGASTA;20 DE MAYO 265 ;-66,8172670000;-28,5541810000;0
250.050;25;AGENCIA MILAGRO;AVDA 9 DE JULIO S/Nº ;-66,0166670000;-31,0166670000;0
250.052;25;AGENCIA VILLA UNION;J. V. GONZALEZ  Esq. HIPOLITO IRIGOYEN S/N ;-68,2000000000;-29,3000000000;0
250.053;25;AGENCIA SAN BLAS DE LOS SAUCES;CALLE PRINCIPAL S/NRO.sobre ruta nac. 40 S/N ;-68,8327290000;-32,8963520000;0
250.054;25;AGENCIA VINCHINA;AVDA CARLOS S. MENEM B° LAS PIEDRITAS S/N ;-68,1666670000;-28,7666670000;0
250.055;25;AGENCIA TAMA;SAN MARTIN S/N S/N ;-66,5333330000;-30,5166670000;0
250.056;25;AGENCIA ANILLACO;CATAMARCA S/N ;-66,9500000000;-28,8166670000;0
250.057;25;AGENCIA FAMATINA;9 DE JULIO S/N ;-67,5166670000;-28,9000000000;0
250.058;25;AGENCIA NONOGASTA;AVDA GDOR GUILLER. IRIBARREN  S/N ;-67,5000000000;-29,3000000000;0
260.000;26;UGL XXVI - SAN LUIS;SAN MARTIN E L.HERAS Y T.JOFRE 1233 ;-66,3312321800;-33,3007678600;1
260.001;26;AGENCIA VILLA MERCEDES;DAGNILLO 27 ;-65,4651940000;-33,6826400000;0
260.002;26;AGENCIA MERLO;AV. LOS ALMENDROS 66 ;-65,0122050000;-32,3439650000;0
260.003;26;AGENCIA BUENA ESPERANZA;PEDERNERA  S/Nº ;-65,2666670000;-34,7666670000;0
260.004;26;AGENCIA SAN FCO.DEL MONTE DE ORO;BELGRANO S/Nº ;-66,1333330000;-32,6000000000;0
260.005;26;AGENCIA CONCARAN;URQUIZA S/Nº ;-65,2448920000;-32,5586060000;0
260.006;26;AGENCIA JUANA KOSLAY;AV.VIENTO CHORRILLERO ESQ.LOS PEJES S/Nº ;-66,2333330000;-33,2500000000;0
260.051;26;AGENCIA UNION;GRANADEROS PUNTANOS 430 ;-65,9500000000;-35,1500000000;0
260.052;26;AGENCIA LA TOMA;MORENO 170 ;-65,6174830000;-33,0539970000;0
260.053;26;AGENCIA QUINES;25 DE MAYO S/Nº ;-65,8026190000;-32,2328050000;0
260.054;26;AGENCIA JUSTO DARACT;HIPOLITO IRIGOYEN 369 ;-65,1834300000;-33,8606870000;0
260.055;26;AGENCIA TILISARAO;AV. CORDOBA 462 ;-65,3000000000;-32,7333330000;0
260.056;26;AGENCIA ANCHORENA;AVDA  WUST 455 ;-65,9500000000;-35,1500000000;0
260.057;26;AGENCIA LA PUNTA;AV.SERRANA-MZ127-LOTE16-LOCAL 2 S/Nº ;-66,4666670000;-32,6667000000;0
260.058;26;AGENCIA NASCHEL;25 DE MAYO 433 ;0,0000000000;0,0000000000;0
270.000;27;AGENCIA GRAL ROCA;9 DE JULIO 499 ;-67,5750000000;-39,0250000000;1
270.001;27;AGENCIA VIEDMA;IRIGOYEN 171 ;-62,9895427100;-40,8119365700;0
270.002;27;AGENCIA BARILOCHE;VICEALTE O CONNOR 847 ;-71,3685531300;-41,1298762000;0
270.003;27;AGENCIA CIPOLETTI;BOULEVARD SARMIENTO ESTE 1045 ;-67,9872640000;-38,9395340000;0
270.004;27;AGENCIA VILLA REGINA;RIVADAVIA 87 ;-67,0833330000;-39,1000000000;0
270.050;27;AGENCIA SAN ANTONIO OESTE;BELGRANO 1580 ;-64,9460360000;-40,7300230000;0
270.051;27;AGENCIA EL BOLSON;SAN MARTIN 3433 ;-71,5166670000;-41,9666670000;0
270.052;27;AGENCIA CINCO SALTOS;AVDA SARMIENTO 346 ;-68,0695534700;-38,8270328200;0
270.053;27;AGENCIA CHOELE-CHOEL;DIAGONAL SAN MARTIN Y DIAGONAL SARMIENTO 1295 ;-65,6655050000;-39,2871800000;0
270.054;27;AGENCIA RIO COLORADO;ROCA 122 ;-64,0947600000;-38,9926050000;0
270.055;27;AGENCIA INGENIERO  JACOBACCI;SAN MARTIN 291 ;-69,6000000000;-41,3000000000;0
270.056;27;AGENCIA ALLEN;JUAN B. JUSTO  42 ;-67,8296400000;-38,9787280000;0
270.057;27;AGENCIACATRIEL;ROCA 497 ;-67,8500000000;-37,8666670000;0
270.058;27;AGENCIA INGENIERO HUERGO;SAN MARTIN 703 ;-67,2358630000;-39,0690460000;0
270.059;27;AGENCIA GENERAL CONESA;ROCA 627 ;-64,4166670000;-40,1000000000;0
270.060;27;AGENCIA SIERRA GRANDE;BELGRANO 99 ;-65,4000000000;-41,6166670000;0
270.061;27;AGENCIA VALCHETA;REMEDIOS DE ESCALADA 667 ;-66,1333330000;-40,6833330000;0
270.062;27;AGENCIA EL ALTO BARILOCHE;BROWN 1071 ;-71,2973460000;-41,1485910000;0
270.063;27;AGENCIA LOS MENUCOS;LA PAMPA 1144 ;-68,0889890000;-40,8478510000;0
270.064;27;AGENCIA CAMPO GRANDE;LUIS PASTEUR 124 ;-68,2148960000;-38,6801750000;0
270.065;27;AGENCIA GENERAL FERNANDEZ ORO;MARIANO MORENO 263 ;-67,9166670000;-38,9500000000;0
270.066;27;AGENCIA LAS GRUTAS;AV. CURRÚ LEUVÚ Y RUTA ACCE 2 00000 ;0,0000000000;0,0000000000;0
270.067;27;AGENCIA MAQUINCHAO;INDEPENDENCIA 786 ;0,0000000000;0,0000000000;0
270.068;27;AGENCIA CERVANTES;BELGRANO 452 ;0,0000000000;0,0000000000;0
280.000;28;UGL XXVIII - SANTA CRUZ;PERITO MORENO 467 ;-69,2333105800;-51,6199110000;1
280.001;28;AGENCIA CALETA OLIVIA;AV. EVA PERON 232 ;-67,5333330000;-46,4333330000;0
280.002;28;AGENCIA SAN JULIAN;AVDA PIEDRA BUENA 669 ;-67,7062340000;-49,3155500000;0
280.003;28;AGENCIA RIO TURBIO;PELLEGRINI 19 ;-72,3360590000;-51,5342170000;0
280.004;28;AGENCIA GOBERNADOR GREGORES;AVENIDA SAN MARTIN 409 ;-70,2666670000;-48,7666835000;0
280.050;28;AGENCIA PTO SANTA CRUZ;MARIANO MORENO 316 ;-69,2126685500;-51,6235137300;0
280.051;28;AGENCIA PUERTO DESEADO;BELGRANO 237 ;-65,8881070000;-47,7487310000;0
280.052;28;AGENCIA LAS HERAS;28 DE NOVIEMBRE Y EL CALAFATE S/N ;-68,9339880000;-46,5432180000;0
280.054;28;AGENCIA EL CALAFATE;AV. GRAL. PERON  1711 ;-72,2718930000;-50,3419820000;0
280.055;28;AGENCIA PERITO MORENO;AV. SAN MARTIN  1065 ;-70,9264290000;-46,5873000000;0
280.056;28;AGENCIA PICO TRUNCADO;SAAVEDRA  507 ;-67,9500000000;-46,8000000000;0
280.057;28;AGENCIA PIEDRA BUENA;SIMON BOLIVAR 381 ;-69,4833330000;-49,7333330000;0
280.058;28;AGENCIA 28 DE NOVIEMBRE;TENIENTE DEL CASTILLO 281 ;-72,3000000000;-51,6500000000;0
290.000;29;UGL XXIX - MORON;SAN MARTIN  444 ;-58,6219598600;-34,6537915700;1
290.003;29;AGENCIA HURLINGHAM;JUAN DIAZ DE SOLIS 1302 ;0,0000000000;0,0000000000;0
290.004;29;AGENCIA ITUZAINGO;LOS POZOS 126 ;0,0000000000;0,0000000000;0
290.010;29;BOCA DE ATENCION MORON SUR;BARADERO 1340 ;0,0000000000;0,0000000000;0
290.300;29;AGENCIA - MERLO;AVDA ARGENTINA 1245 ;0,0000000000;0,0000000000;0
290.302;29;AGENCIA MORENO;AVDA ALCORTA 2454 ;0,0000000000;0,0000000000;0
300.000;30;UGL XXX - AZUL;SAN MARTÍN Esq URIBURU 500 ;-59,8627160000;-36,7787230000;1
300.002;30;AGENCIA LAS FLORES;SAN MARTIN 623 ;-59,0994000000;-36,0164505000;0
300.006;30;AGENCIA SALADILLO;MORENO  2971 ;-59,7794940000;-35,6378720000;0
300.008;30;AGENCIA ROQUE PEREZ;9 DE JULIO 1266 ;-59,3000000000;-35,4000000000;0
300.009;30;AGENCIA GENERAL ALVEAR;SAN MARTIN  679 ;-60,0138970000;-36,0213010000;0
300.010;30;AGENCIA TAPALQUE;PEDRO BLOY  105 ;-60,0229530000;-36,3553660000;0
300.050;30;AGENCIA CHILLAR;CORTAZAR  734 ;-59,9840710000;-37,3136560000;0
300.055;30;AGENCIA CACHARI;RIVADAVIA Y SARMIENTO S/N ;-59,5027940000;-36,3793830000;0
300.100;30;AGENCIA OLAVARRIA;DORREGO 2635 ;-60,3188000000;-36,8945000000;0
300.103;30;AGENCIA LAPRIDA;AVDA. PEDRO PEREYRA  1339 ;-60,7989420000;-37,5452830000;0
300.104;30;AGENCIA DAIREAUX;PELLEGRINI  389 ;-61,7458710000;-36,5992500000;0
300.105;30;AGENCIA SALAZAR;SARMIENTO  353 ;-62,2013530000;-36,3060820000;0
300.107;30;AGENCIA BOLIVAR;OLAVARRIA  262 ;-61,1119290000;-36,2290080000;0
300.153;30;AGENCIA GENERAL LAMADRID;MORENO  614 ;-61,2620900000;-37,2460110000;0
300.156;30;AGENCIA SIERRAS BAYAS;RIVADAVIA  2204 ;-60,1608900000;-36,9319870000;0
310.000;31;UGL XXXI - JUNIN;RODRIGUEZ 320 ;-60,9450719200;-34,5941102500;1
310.001;31;AGENCIA GENERAL PINTO;ALSINA 464 ;-61,8920370000;-34,7644260000;0
310.002;31;AGENCIA LINCOLN;MORENO 66 ;-61,5320030000;-34,8671660000;0
310.004;31;AGENCIA GENERAL VILLEGAS;ARENALES 368 ;-63,0333330000;-35,0333330000;0
310.005;31;AGENCIA GENERAL ARENALES;AVDA. ALVEAR 161 ;-61,3000000000;-34,3166670000;0
310.006;31;AGENCIA GENERAL VIAMONTE;COLIQUEO 130 ;-61,0372570000;-35,0017380000;0
310.007;31;AGENCIA VEDIA;LAVALLE 90 ;-61,5395130000;-34,3495823000;0
310.008;31;AGENCIA ROJAS;EVA PERON  (EX URUGUAY) 544 ;-60,7330300000;-34,1987060000;0
310.009;31;AGENCIA AMEGHINO;CALLE 5 ESQ. 24 S/N ;-62,4666810000;-34,8447330000;0
310.200;31;AGENCIA PERGAMINO;9 DE JULIO 850 ;-60,5732387800;-33,8962991200;0
310.206;31;AGENCIA COLON;CALE 47 759 ;-61,1029990000;-33,8956040000;0
310.300;31;AGENCIA SAN NICOLAS;MITRE 391                     381 ;-60,2223340000;-33,3334006000;0
310.301;31;AGENCIA RAMALLO;AVDA LIB. GRAL. SAN MARTIN 550 ;-60,0619800000;-33,4970470000;0
310.350;31;AGENCIA PEREZA MILLAN;SAN MARTIN 637 ;-60,1000000000;-33,7833330000;0
310.352;31;AGENCIA ROBERTS;SARMIENTO 1232 ;-61,7833330000;-34,9833330000;0
320.000;32;UGL XXXII - LUJAN;SAN MARTIN 508 ;-59,1167762000;-34,5615684300;1
320.001;32;AGENCIA SAN ANDRES DE GILES;25 de Mayo  401 ;-59,4479480000;-34,4444860000;0
320.002;32;AGENCIA GENERAL RODRIGUEZ;SARMIENTO  576 ;-58,9555590000;-34,6052550000;0
320.003;32;AGENCIA CABECERA MERCEDES;CALLE 25 ESQ. 16  346 ;-59,4304940000;-34,6547640000;0
320.004;32;AGENCIA PILAR;PEDRO LAGRAVE  342 ;-58,9093370612;-34,4573492653;0
320.005;32;AGENCIA SAN ANTONIO DE ARECO;ALVEAR  557 ;-59,4667000000;-34,2667000000;0
320.006;32;AGENCIA CABECERA MARCOS PAZ;ARISTOBULO DEL VALLE  2098 ;-58,8365540000;-34,7844660000;0
320.008;32;AGENCIA CAPILLA DEL SEÑOR;PADRE FAHY  408 ;-59,1041740000;-34,2908890000;0
320.010;32;AGENCIA NAVARRO;CALLE  NRO. 7 ESQ.26 92 ;-59,2768105745;-35,0025398673;0
320.011;32;AGENCIA GENERAL LAS HERAS;BELGRANO  66 ;-58,9482240000;-34,9262290000;0
320.012;32;AGENCIA GARIN;SARMIENTO  306 ;-58,7344160000;-34,4187700000;0
320.051;32;AGENCIA DEL VISO;LISANDRO DE LA TORRE 7031 ;-58,8142802245;-34,4391284694;0
320.100;32;AGENCIA ZARATE;19 DE MARZO 630 ;-59,0202750000;-34,1000070000;0
320.102;32;AGENCIA BARADERO;LAPRIDA  929 ;-59,5000000000;-33,8166670000;0
320.150;32;AGENCIA LIMA;CALLE  NRO. 12 490 ;-59,1958861429;-34,0467777551;0
320.252;32;AGENCIA DERQUI;SAN MARTIN  414 ;-58,8446650000;-34,4915250000;0
320.253;32;AGENCIA MAQUINISTA SAVIO;REPUBLICA DEL PARAGUAY 377 ;-58,7732000000;-34,4020307347;0
320.254;32;AGENCIA JAUREGUI;AVENIDA FLANDES 541 ;-59,1667000000;-34,6167000000;0
330.000;33;UGL XXXIII - TIERRA DEL FUEGO;AKANIK 587 ;-68,3385050000;-54,8140040000;1
330.001;33;AGENCIA RIO GRANDE;ESPORA  781 ;-67,6986800000;-53,7887620000;0
340.000;34;UGL XXXIV - CONCORDIA;TUCUMAN Esq.URQUIZA 67 ;-58,0143340000;-31,3883256700;1
340.001;34;AGENCIA GUALEGUAYCHU;AV. ROCAMORA 202 ;-58,5186770000;-33,0107770000;0
340.002;34;AGENCIA CONCEPCION DEL URUGUAY;SAN MARTIN  547 ;-58,2294950000;-32,4848410000;0
340.003;34;AGENCIA COLON;URQUIZA  308 ;-58,1384070000;-32,2222050000;0
340.050;34;AGENCIA FEDERAL;BELGRANO E IRIGOYEN S/N ;-58,7800560000;-30,9543150000;0
340.051;34;AGENCIA CHAJARI;SAN MARTIN 1038;-57,9808397347;-30,7613710204;0
340.052;34;AGENCIA VILLAGUAY;COLON Y CASTELLI S/N ;-59,0310040000;-31,8644560000;0
340.053;34;AGENCIA VILLA ELISA;SAN MARTIN  1188 ;-58,4015430000;-32,1656770000;0
340.054;34;AGENCIA SAN JOSE;MORENO  1470 ;-58,2196500000;-32,2172670000;0
340.055;34;AGENCIA  SAN JOSE DE FELICIANO;RIVADAVIA  286 ;-58,7520750000;-30,3832050000;0
340.056;34;AGENCIA SAN SALVADOR;RAMIREZ  74 ;-58,5060850000;-31,6233480000;0
340.057;34;AGENCIA URDINARDAIN;LIBERTAD 475 ;-58,8833330000;-32,6833330000;0
340.058;34;AGENCIA LARROQUE;JOSE VIRUE  213 ;-59,0166670000;-33,0500000000;0
340.059;34;AGENCIA FEDERACION;AV. ENTRE RIOS 27 ;-57,8833330000;-31,0000000000;0
340.060;34;AGENCIA BASAVILBASO;BARON HIRCH 279 ;-58,8666670000;-32,3666670000;0
340.061;34;AGENCIA SAN JAIME DE LA FRONTERA;REPÚBLICA ARGENTINA Y AV. CORRIENTES S/N ;-58,3000000000;-30,3500000000;0
340.062;34;AGENCIA GRAL CAMPOS;CONCEPCION DEL URUGUAY Y 25 DE MAYO S/N ;-58,4051690000;-31,5241360000;0
340.063;34;AGENCIA PARANACITO;AV. LA ALAMEDA 183 ;0,0000000000;0,0000000000;0
350.000;35;UGL XXXV - SAN JUSTO;PERU 2559 ;-58,5596428400;-34,6799734300;1
350.001;35;AGENCIA GONZALEZ  CATAN;JOSE LEON LARRE 367 ;-58,6005700000;-34,6972000000;0
350.002;35;AGENCIA ISIDRO CASANOVA;ASUNCION 5777 ;-58,5838900000;-34,7015800000;0
350.003;35;AGENCIA TAPIALES;BOULOGNE SUR MER 1508 ;-58,5042200000;-34,6997100000;0
350.004;35;AGENCIA GREGORIO DE LA FERRERE;MURGUIONDO 2939 ;-58,5833100000;-34,7494400000;0
350.005;35;AGENCIA RAMOS MEJIA;AV. DE MAYO 1270 ;-58,5632900000;-34,6530200000;0
360.000;36;UGL XXXVI - RIO CUARTO;ALVEAR 842 ;-64,3341411600;-33,1054585900;1
360.001;36;AGENCIA LABOULAYE;TOMAS SCOTT 18 ;-63,3833330000;-34,1166670000;0
360.002;36;AGENCIA HUINCA RENANCO;GUEMES 84 ;-64,3737710000;-34,8419500000;0
360.003;36;AGENCIA VICUÑA MACKENA;SARMIENTO 223 ;-64,3896500000;-33,9139650000;0
360.004;36;AGENCIA CORONEL MOLDES;09 DE JULIO 548 ;-64,5988870000;-33,6250190000;0
360.005;36;AGENCIA CANALS;BUENOS AIRES ESQ. ITALIA 0 ;-62,8815830000;-33,5618880000;0
360.050;36;AGENCIA SAMPACHO;LAMADRID Y 11 DE NOVIEMBRE 0 ;-64,7000000000;-33,3833330000;0
360.051;36;AGENCIA ELENA;SAN JUAN Y CONCEJAL SERENA 0 ;-64,3666670000;-32,5666670000;0
370.000;37;UGL XXXVII - QUILMES;ANDRES BARANDA 1265 ;-58,2670482041;-34,7280934082;1
370.300;37;AGENCIA QUILMES;LAVALLE 683 ;-58,2666000000;-34,7278000000;0
370.301;37;AGENCIA FLORENCIO VARELA;RIVADAVIA 33 ;-58,2254070000;-34,7519560000;0
370.302;37;AGENCIA BERAZATEGUI;CALLE 146 1253 ;-58,2128440000;-34,7614990000;0
370.303;37;AGENCIA SAN FRANCISCO SOLANO;CALLE 895 4552 ;-58,3024080000;-34,7890830000;0
370.304;37;AGENCIA EL CRUCE DE VARELA;AVENIDA HIPÓLITO YRIGOYEN 1213;-58,2716730000;-34,7858770000;0
370.305;37;AGENCIA HUDSON;CALLE 52 3125;-58,1864480000;-34,8072430000;0
370.306;37;AGENCIA BOSQUES;LUJAN 1420;-58,2265110000;-34,8272510000;0
380.000;38;UGL XXXVIII - CHIVILCOY;AV. VILLARINO  345 ;-60,0145990000;-34,8983540000;1
380.001;38;AGENCIA RIVADAVIA;GENERAL RODRIGUEZ 71 ;-60,1055200000;-34,0654900000;0
380.002;38;AGENCIA TRENQUE LAUQUEN;SAN MARTIN 80 ;-62,7355000000;-35,9682800000;0
380.003;38;AGENCIA 25 DE MAYO;CALLE 30 1004 ;-60,1731100000;-35,4295700000;0
380.004;38;AGENCIA NORBERTO DE LA RIESTRA;SARGENTO CABRAL  425 ;-59,7712500000;-35,2761200000;0
380.005;38;AGENCIA CHACABUCO;ZAPIOLA 177 ;-60,4657500000;-34,6417900000;0
380.006;38;AGENCIA 9 DE JULIO;AV. VEDIA 564 ;-60,8846100000;-35,4475300000;0
380.007;38;AGENCIA BRAGADO;BELGRANO 1238 ;-60,4898500000;-35,1148700000;0
380.008;38;AGENCIA PEHUAJO;GUTIERREZ 575 ;-61,8957500000;-35,8110100000;0
380.009;38;AGENCIA CARLOS CASARES;CECILIA BORJA 131 ;-61,3629000000;-35,6233600000;0
380.010;38;AGENCIA CARLOS TEJEDOR;SAN MARTIN Y GARRE 190 ;-62,4192400000;-35,3906800000;0
380.011;38;AGENCIA HENDERSON;ESPAÑA Y MORENO 607 ;-61,7185300000;-36,3003100000;0
380.012;38;AGENCIA FACUNDO QUIROGA;AV. SAN LUIS 569 ;-61,4245600000;-35,2813900000;0
380.013;38;AGENCIA MOQUEHUA;25 DE MAYO  116 ;-59,7666670000;-35,0833330000;0
380.014;38;AGENCIA ALBERTI;VERGARA 101 ;-60,2666670000;-35,0333330000;0
380.015;38;AGENCIA GENERAL O'BRIEN;RIVADAVIA 395 ;-60,7603600000;-34,9081400000;0
380.016;38;AGENCIA TRES ALGARROBOS;AV. JOSE BALBIANI  278 ;-62,7731400000;-35,1948400000;0
380.017;38;AGENCIA ARRECIFES;FRASCHERI 602 ;-62,9744600000;-35,4905900000;0
380.018;38;AGENCIA SALTO;SARMIENTO y MORENO S/Nº ;-60,2529400000;-34,2926800000;0
380.019;38;AGENCIA CAPITAN SARMIENTO;LOPEZ y PLANES 746 ;-59,7895100000;-34,1696000000;0
380.020;38;AGENCIA SAN PEDRO;25 DE MAYO  856 ;-59,6618400000;-33,6838200000;0
380.021;38;AGENCIA SANTA LUCIA;SAN MARTIN 154 ;-59,8758100000;-33,8807100000;0
380.022;38;AGENCIA CARMEN DE ARECO;SAN MARTIN 486 ;-59,8216820833;-34,3762166667;0
380.023;38;AGENCIA SUIPACHA;1 DE MAYO 250 ;-59,6851800000;-34,7734300000;0
